challenge,physical_origin,why_it_matters,representative_mitigation,residual_problem,primary_source
stellar_photospheres,"spots, faculae, granulation, oscillations, magnetic cycles","apparent line-profile shifts can exceed an Earth analogue signal","multi-line indicators, cadence design, photometry, Gaussian-process or physical models","activity is wavelength-, line-, and timescale-dependent and is not an instrumental calibration term",https://arxiv.org/abs/2107.14291
photon_and_sampling_noise,"finite photons and incomplete line information","sets a target-, exposure-, and wavelength-dependent floor","high throughput, broad spectral grasp, exposure-time control","headline instrument precision cannot be transferred between stars",https://arxiv.org/abs/2107.14291
wavelength_calibration,"reference drift, line density, detector mapping","cm/s work requires a stable wavelength solution across years","laser frequency combs, stabilized etalons, hollow-cathode lamps","calibrator stability does not remove illumination or stellar errors",https://doi.org/10.3847/1538-3881/ab811d
illumination_and_modal_noise,"variable near/far-field fibre illumination and coherent speckle","moves or reshapes the spectrograph line-spread function","octagonal fibres, double scramblers, agitation, tip-tilt guiding","some illumination errors are not tracked by simultaneous calibration",https://arxiv.org/abs/2307.12403
thermomechanical_drift,"temperature, pressure, stress, and detector-temperature changes","changes optical geometry and pixel mapping","vacuum vessels, nested thermal control, low-expansion materials","maintenance and thermal excursions create offsets and era boundaries",https://www2.keck.hawaii.edu/realpublic/observing/public_instrument_info/kpf/status/
detector_systematics,"pixel non-uniformity, charge transfer inefficiency, persistence, read noise","distorts extracted line positions and shapes","detector characterization and forward modelling","detector behaviour evolves and differs between CCD and infrared arrays",https://doi.org/10.3847/1538-3881/ab811d
telluric_absorption,"Earth atmospheric molecular absorption and emission","contaminates stellar lines, especially in the NIR","masking, forward modelling, simultaneous atmospheric constraints","time-variable line shapes and winds limit correction fidelity",https://doi.org/10.1093/mnras/staa2569
barycentric_correction,"observer motion, exposure-weighted photon arrival time, chromatic extinction","timing and chromatic weighting errors map directly into RV","chromatic exposure meters and relativistic barycentric algorithms","weather and guiding make the effective midpoint wavelength-dependent",https://doi.org/10.3847/1538-3881/ab811d
software_and_provenance,"pipeline versions, masks, templates, quality cuts","algorithm changes can create offsets or alter uncertainty estimates","versioned reductions, open products, run manifests","published values are not automatically comparable across pipelines",https://doi.org/10.1051/0004-6361/202039350
